CatalogId,NoradId,Name
41379,41379,NOAA 16 DEB
41466,41466,SAMSAT 218D
41580,41580,BREEZE-KM R/B
41728,41728,CZ-4C R/B
41743,41743,WORLDVIEW 2 DEB
41792,41792,PSLV DEB
41835,41835,DMSP 5D-2 F12 DEB
41868,41868,SHENZHOU-11 MODULE
41878,41878,PSLV R/B
41892,41892,PEGASUS R/B
41902,41902,CZ-2D R/B
41908,41908,SUPERVIEW-1 02
42063,42063,SENTINEL 2B
42431,42431,NOAA 16 DEB
42661,42661,DELTA 1 DEB
42680,42680,GAOFEN 3 DEB
42761,42761,ZHUHAI-1 01
42800,42800,SL-4 R/B
42812,42812,IRIDIUM 121
42902,42902,AVUM DEB(ADAPTOR)
42927,42927,MINOTAUR R/B
42948,42948,CZ-2C R/B
42983,42983,SIMPL
43038,43038,CZ-2D DEB
43086,43086,COSMOS 1461 DEB
43173,43173,CZ-2C R/B
43217,43217,TINTIN B
43270,43270,CZ-4C DEB
43338,43338,CZ-4C DEB
43431,43431,CZ-4B DEB
43443,43443,ZHUHAI-1 OHS-04
43462,43462,CZ-4C R/B
43487,43487,CZ-2D DEB
43490,43490,CZ-2D DEB
43561,43561,LEMUR 2 TOMHENDERSON
43585,43585,GAOFEN 11
43610,43610,CZ-2C R/B
43631,43631,CZ-4C DEB
43644,43644,YZ-1S DEB
43682,43682,H-2A R/B
43697,43697,LEMUR 2 CHANUSIAK
43822,43822,OBJECT BS
43862,43862,OBJECT P
43915,43915,YUNHAI 2 6
44033,44033,CATSAT-1
44047,44047,EGYPTSAT A
44064,44064,CREW DRAGON DEMO-1 DEB
44069,44069,SOYUZ MS-12
44179,44179,MICROSAT-R DEB
44229,44229,HARBINGER
44306,44306,ISS DEB
44332,44332,SPOOQY1
44455,44455,PROGRESS MS-12
44471,44471,MICROSAT-R DEB
44623,44623,CZ-4C R/B
44636,44636,ELECTRON KICK STAGE R/B
29658,29658,SAR Lupe 1
31701,31701,NOSS 3-4 (A)
37348,37348,USA 224
38010,38010,Elisa E12
38773,38773,NOSS 3-6 (P)
43124,43124,
43041,43041,
40027,40027,
40036,40036,
42853,42853,
42850,42850,
42887,42887,
42860,42860,
